Title,Date
"The Office (U.S.): Season 3: Grief Counseling","2023-07-13"
"Arrested Development: Season 1: Pilot","2024-10-22"
"BoJack Horseman: Season 3: Love And/Or Marriage","2024-10-22"
"BoJack Horseman: Season 3: Fish Out Of Water","2024-10-22"
"BoJack Horseman: Season 3: BoJack Kills","2024-10-22"
"BoJack Horseman: Season 3: The BoJack Horseman Show","2024-10-22"
"BoJack Horseman: Season 3: Start Spreading the News","2024-10-22"
"BoJack Horseman: Season 2: Out to Sea","2024-10-22"
"BoJack Horseman: Season 2: Escape from L.A.","2024-10-22"
"BoJack Horseman: Season 2: Yes And","2024-10-22"
"BoJack Horseman: Season 2: The Shot","2024-10-22"
"BoJack Horseman: Season 2: Let's Find Out","2024-10-22"
"BoJack Horseman: Season 2: Hank After Dark","2024-10-22"
"BoJack Horseman: Season 2: Higher Love","2024-10-22"
"Death Note","2024-10-22"
"BoJack Horseman: Season 2: Chickens","2024-10-22"
"BoJack Horseman: Season 2: After the Party","2024-10-22"
"BoJack Horseman: Season 2: Still Broken","2024-10-22"
"BoJack Horseman: Season 2: Yesterdayland","2024-10-22"
"BoJack Horseman: Season 2: Brand New Couch","2024-10-22"
"BoJack Horseman: Season 1: Later","2024-10-22"
"BoJack Horseman: Season 1: Downer Ending","2024-10-21"
"BoJack Horseman: Season 1: One Trick Pony","2024-10-21"
"BoJack Horseman: Season 1: Horse Majeure","2024-10-21"
"BoJack Horseman: Season 1: The Telescope","2024-10-21"
"BoJack Horseman: Season 1: Say Anything","2024-10-21"
"BoJack Horseman: Season 1: Our A-Story Is a 'D' Story","2024-10-21"
"Midnight Mass: Limited Series: Book VI: Acts of the Apostles","2024-10-20"
"Spaceman","2024-10-20"
"Oats Studios: Rakka","2024-10-20"
"BoJack Horseman: Season 1: Live Fast, Diane Nguyen","2024-10-20"
"BoJack Horseman: Season 1: ZoÃ«s and Zeldas","2024-10-20"
"BoJack Horseman: Season 1: Prickly-Muffin","2024-10-20"
"BoJack Horseman: Season 1: BoJack Hates the Troops","2024-10-20"
"BoJack Horseman: Season 1: BoJack Horseman: The BoJack Horseman Story, Chapter One","2024-10-20"
"Arrested Development: Season 5: The Fallout","2024-10-20"
"Arrested Development: Season 5: Courting Disasters","2024-10-20"
"Arrested Development: Season 5: Saving For Arraignment Day","2024-10-20"
"Arrested Development: Season 5: The Untethered Sole","2024-10-19"
"Breaking Bad: Season 1: Pilot","2024-10-19"
"Arrested Development: Season 5: Check Mates","2024-10-18"
"Arrested Development: Season 5: Chain Migration","2024-10-18"
"Arrested Development: Season 5: Taste Makers","2024-10-18"
"Arrested Development: Season 5: Unexpected Company","2024-10-18"
"Arrested Development: Season 5: Premature Independence","2024-10-18"
"The Twilight Saga: Breaking Dawn: Part 1","2024-10-18"
"Arrested Development: Season 5: Rom-Traum","2024-10-18"
"The Midnight Gospel: Taste of the King","2024-10-18"
"Arrested Development: Season 5: Emotional Baggage","2024-10-18"
"Black Mirror: Season 1: The National Anthem","2024-10-17"
"Nope","2024-10-17"
"Arrested Development: Season 5: Sinking Feelings","2024-10-16"
"Arrested Development: Season 5: An Old Start","2024-10-16"
"Arrested Development: Season 5: Everyone Gets Atrophy","2024-10-16"
"Arrested Development: Season 4 Remix: Fateful Consequences: Cinco de Cuatro II","2024-10-16"
"Arrested Development: Season 4 Remix: Fateful Consequences: Cinco de Cuatro I","2024-10-15"
"Arrested Development: Season 4 Remix: Fateful Consequences: Fast Company","2024-10-15"
"Arrested Development: Season 4 Remix: Fateful Consequences: Turning on Each Other","2024-10-15"
"Arrested Development: Season 4 Remix: Fateful Consequences: Dire Straights","2024-10-15"
"Arrested Development: Season 4 Remix: Fateful Consequences: Mixed Messages","2024-10-15"
"Arrested Development: Season 4 Remix: Fateful Consequences: Locked and Loaded","2024-10-15"
"Arrested Development: Season 4 Remix: Fateful Consequences: What Goes Around","2024-10-15"
"Arrested Development: Season 4 Remix: Fateful Consequences: Get on Up","2024-10-15"
"Arrested Development: Season 4 Remix: Fateful Consequences: Moving Pictures","2024-10-15"
"Arrested Development: Season 4 Remix: Fateful Consequences: Fun Night","2024-10-15"
"Arrested Development: Season 4 Remix: Fateful Consequences: Recurring Dreams","2024-10-15"
"Hereditary","2024-10-15"
"Arrested Development: Season 4 Remix: Fateful Consequences: Modern Marvels","2024-10-13"
"Arrested Development: Season 4 Remix: Fateful Consequences: The Parent Traps","2024-10-12"
"Arrested Development: Season 4 Remix: Fateful Consequences: A Trial Run","2024-10-12"
"Black Mirror: Season 6: Joan Is Awful","2024-10-12"
"Arrested Development: Season 4 Remix: Fateful Consequences: Just Deserters","2024-10-09"
"Arrested Development: Season 4 Remix: Fateful Consequences: A Couple-A New Starts","2024-10-09"
"Arrested Development: Season 4 Remix: Fateful Consequences: Three Half Men","2024-10-09"
"Arrested Development: Season 4 Remix: Fateful Consequences: Re Cap'n Bluth","2024-10-09"
"Arrested Development: Season 3: Development Arrested","2024-10-08"
"Arrested Development: Season 3: Exit Strategy","2024-10-08"
"Midnight Mass: Limited Series: Book V: Gospel","2024-10-07"
"Arrested Development: Season 3: Family Ties","2024-10-07"
"Arrested Development: Season 3: Fakin' It","2024-10-07"
"Arrested Development: Season 3: S.O.B.s","2024-10-07"
"Arrested Development: Season 3: Making a Stand","2024-10-07"
"Arrested Development: Season 3: Prison Break-In","2024-10-07"
